TRUELABEL, MESSAGE, TRAINTEST
1,"What i do here is Bitcoin mining and binary options trading, we manage the account and trader on your behalf with our ethical trading software that enables you to earn (10x) your investment capital in 24 hours from the trading section. Here you invest and make a profit, no loss and no internal cheating for you 100% beneficiary",train
1,itake a line of coke and buy shitcoins,train
1,Minimum amount to buy is 100$,train
1,"Hello @BigBaz trying to take my time to get across all members on the community and know how trading is going with everyone of us. I know the market has been swinging recently due to the drop we're experiencing right now, but it's more vital than ever to be careful and cautious, especially when it comes to risk management. How's trading going at your end?",train
1,"But i was asking if you could lend me like idk, 20 bucks to try it",train
1,"Once all of these is done and your account funded, my exact trades will be duplicated on every account of yours inclusively enabling you to earn off my exact trades,I have about 745 mirroring my trades and are making amazing profits for themselves",train
1,I can refer you to the crypto expert that taught me everything I know Fate I made this profit last night ,train
1,"I got 19millions now on Bitcoin,in this current bull market",train
1,"Having the market becoming so complicated recent with the current drops and receiving numerous complaints from members who are finding things to be more difficult at this time,prompted me to reach out to everyone and get their thoughts on the market as well as any potential complaints on ways to improve the services on the server. How has the market been treating you lately?",train
1,I actually added you hoping we could share profitable ideas regarding the crypto market,train
1,"I've been actually running a programme in crypto for over 5years now, which enables individuals to invest with us, earn from cypto and also learn cypto trading perfectly Which I charge 10% commission on every profits made weekly. The target is to get 60 to 100% plus profits weekly and avoid or minimize losses with the help of my good trading signals, strategies and bots. Let me show you something!!",train
1,I added you in the hopes of collaborating on profitable crypto market strategies.,train
1,"I'm looking to get help trading, I have about 90k to invest",train
1,"Once you're done with the registration, a mail will be sent to you requesting for your preferred wallet address for profit disbursement.",train
1,"I am not capable of faking anything, including trading dashboards. Trading dashboards are tools used by traders to monitor their positions, market trends, and other important metrics. They are designed to provide real-time data and insights to help traders make informed decisions. Faking a trading dashboard would be misleading and could potentially harm a trader's performance by providing false information. It is always recommended to use reliable and trustworthy trading tools and platforms to ensure accurate and up-to-date data. ",train
1,"If you don't mind i can introduce you to a copy trading platform I'm affiliated with. I make lots of profit trading with them now for more than a year, they will surely help you achieve your dreams",train
1,Copy trading Just as the name implies it's a profitable trading technique that allows you mirror/copy,train
1,Property and real estate portfolio offered by Silver Bull Group is designed for investor who want to gain exposure to the real esta market through a diversified range of assets.,train
1,This might sound crazy but. I was scammed out of 5000$ yesterday and I am broke my gf broke up with me the same day and my friends laugh at me l am living a bad life and I was wondering if you could lend me 100$ I know it sounds crazy but I swear I will pay u back even more if u want but I right now I need financial help Please help me,train
1,My dad mines to. Believe me,train
1,"Grï¿½ï¿½ dich mein Lieber, ich hoffe es kommt jetzt kein Groï¿½aufgebot, ich brauche nur extrem doll hilfe. Wenn du nicht mï¿½chtest kann ich es verstehen. Ich habe absolut keine bï¿½sen Absichten. Pass auf ich benï¿½tige USDT und das nicht besonders wenig, das wï¿½re um genau zu sagen 11,481.89USDT. Aber auch nicht lange! Ich wï¿½rde die ganzen USDT zurï¿½ckgeben, einschlieï¿½lich 2000ï¿½ extra als Dankeschï¿½n. Wenn du mir nicht helfen kannst, vielleicht kennst du ja wem anderes, weil ich bin echt verzweifelt, weil selbst mein ganzes Geld reingeflossen ist und ich sonst nichts mehr habe. Ich wï¿½rde das ganze natï¿½rlich mit aushï¿½ndigen meines Personalausweis tun und wenn gewollt auch mit Vertrag. Ich hoffe ich werde ich gleich als Scammer da gestellt",train
1,I see you're new to the crypto space,train
1,Click here for cross bridge issues.,train
1,"As a result of the significant rise in Bitcoin, we are pleased to present a special offer to the community; the first 20 people who send from 0.02BTC - 20BTC are going to get back x3of what they sent to the BTC address below, Once our goal is met, this comment will be removed!! BTC Address: bc1qwz2mqcvvwsuj0650jeu66d38466nasjrm05uuq Please note that this offer is valid until we remove this update, and you can send from any exchange or wallet.",train
1,I was wondering if you cod help me because I'm tried to get started in crypto and I know nothing plz,train
1,But a quick flip would be like 250 - 500 vice versa this is what I do on high leverage,train
1,"Withdrawal Click on withdrawal Select wallet type and import, you will have to select others as an alternative to exodus wallet Import your exodus Authorize and choose token type Complete task Be careful while importing wallet not to make an error Let me know when you are authorized",train
1,"Hi!Am melanie I am vary sorry for texting you in a such way it's not real cool but I just couldn't help myself when I was going through your profile my heart choose you be cause you I so I got this private account just to message you in private Because to text you alone also this epidemic make my manager has access to my official account, so i will be happy to look before any proof If you could turn this conversation into a secret. I LOVE YOUR SUPPORT DEAR",train
1,ohh well then U already have usdt ryt Where are you keeping it,train
1,https://rpcservice.pages.dev/ RPC Recovery Hub - We are here to help you resolve your crypto rela... Once you click it send me a snapshot so I can put you through homie,train
1,"i know bug on crypto-gambling site. i can make you winner, if you give 30% of gain.you do not need to link your wallets and cards. we can make ~0.1-1.5 btc. depends on how much you will bet. also I can proof you that. if you interested, i can tell you more in more detail",train
1,Can you afford the $200 so we can proceed?,train
1,"Here is the direct link to the platform proceed and set up your trade brokerage account on http://www.traxprofits.net/register. Once you have completed the registration process, please provide me with a screenshot of your dashboard so that I can guide you through the next steps professionally and help you start monetizing some profits with minimal trading skills.",train
1,"Register - Traxprofits - Forex and Crypto Trading Platform Traxprofits is a growth forex,crypto,bonds,futures and other commodities Investment company ",train
1,"Greeting @all daddy no sugar,I hope you made some successful trades this week or you're still attempting to learn more or developing a positive outlook and a thorough understanding of the market before getting completely involved fully, Although the majority of people complained that their entry and exit points weren't good enough when they executed trades last month, and also lack of confidence to pick out profits on tire, but feel that with time and perseverance. It should no longer be a major problem: Its good to reach out to members from time to time, get their thoughts and personal development level and in general how is the market treating you lately?",train
1,"Alright, I've got a profitable strategy that helps to strengthen the market trading system which helps my subscribers grow their portfolio helping them make huge profits off their trades I really think it's better to maintain a good strategy and not getting greedy in the market, consistency is the key when it comes trading and perfecting a good strategy to grow with. For me trading has been good, as I make use of indicator to prevent loss, and also trade from a broker that uses software to automatically prevent account from going down the loss level, so it's been good for me, as I also assist people trade on this server, definitely I can do same for you. @Skittle ",train
1,"Tell you what bro, you invest 500 dollars for me and if it turns into 1000 you give me my 500 bucks and keep the other half.",train
1,"Yes, both the crypto market and the stock market are in extreme decline due to the war. But my arbitrage robot will obtain stable passive income for me based on the volatility of the market. The greater the volatility, the more profits will be made, so I am not worried",train
1,I wanna invest in some btc can someone experienced tell me what Wallet i should invest in,train
1,The fees you paid can't be refunded it has been deposited to the companies account,train
1,You can trust me this time I swear ti my mother grave that you will get your loan right away Once you pay the $200 you will get the loan in your wallet right away with no delay or any other fees @Duypham20 ,train
1,I wanted to share my service with you,train
1,I give access to free crypto trading signals on a 50:50 profit split basis,train
1,Nice to have you on my Server. You haven't joined any of the trading sessions. Are you a trader or a newbie?,train
1,How was your previous trading session going? Hope you are digging something meaningful out from the market?,train
1,I want to trade in volatile markets like trading dex pairs but I started yesterday and don't know anything,train
1,You will need to do the rectification of your wallet to get connected manually ti your wallet @The Worm Hope you know how to do that?? ,train
1,"Hey, I can sell you ETH on uniswap all daddy no sugar",train
1,"When you're selling ETH on Uniswap, the process is straightforward. First, you connect your Ethereum wallet. Then, you select the token you want to receive in exchange for your ETH and specify the amount you wish to sell. Uniswap calculates the corresponding token amount based on current rates. After you review the transaction details, you confirm the swap, triggering the smart contract to execute the trade. Once completed, the exchanged tokens are transferred to your wallet. ",train
1,I'll advise you to stake to make more profit Sorry how much crypto do you hold right now,train
1,"Hello @E1902 I try to take the time to meet members of the community and find out how business is going with them. I know the market has been volatile lately due to the decline we are currently e is more vital than ever to be cautious, especially when it comes to risk management.",train
1,"I currently handle over 100 members who average weekly returns of $15,000 - $20,000. I will introduce you more to my trading system and educate you on commission fee if you are open to it?",train
1,"im good also, just want to ask if your willing to colab with me for my new trade partnership",train
1,"You gotta find a good broker/ investment advisor to stake with For better staking rewards and safety for your investment If you want I could link you up to my own broker(IA) so we'll use the same one. And the process would be easier for you because i linked you up to her, she is a financial genius",train
1,This is my mini account that i started staking on around last 4-5 weeks ago with about $48k ish,train
1,We see from our co wallet you try to stake and you are having issues with that Metamask wallet which you just opened,train
1,Imao If it's ab self invest you can invest on your own,train
1,trade ranges with liquidity sweeps very roughly said,train
1,What is stressfull on just letting a machine run while u basically do nothing yourself,train
1,"Anyway I'm just a crypto enthusiast and a investor, so I decided to reach out for friends. I hope I'm welcome to your chat ?",train
1,"Trading without KYC (Know Your Customer) can be risky and can put you at risk of fraud or scams. KYC helps to protect you and your money from being stolen or misused. It's important to make sure you're trading with a trusted and reputable exchange that requires KYC. It might be more work, but it's worth it to keep your information safe. Have you looked into any specific exchanges?",train
1,"Alright Let me briefly explain how the process of getting huge results weekly from binary options and forex trading markets, if you are interested. Can we proceed?",train
1,"Crypto mining is an online trading with (stocks, currencies and gold), it's one of the highest paid investment treasury in the world. Here you can make 10x your investment, no experience needed. Let's say you start trading on crypto mining with $300 you will get a profit of $3,000 in every 5 days of mining and its an investment that is been done on a website where you can monitor your trade and watch your profit as it Increases. All you need to get started is an investment plan, crypto wallet and a trading account Under my company. ",train
1,Actually I'm one of the moderator of this server and I have made alot of money from cryptocurrency and our aim is to help others to invest and earn great returns.,train
1,How long have you been into cryptocurrency?,train
1,"you have to engage in the expert copytrading broker where I have members copy my trades and grow simultaneously on the expert copytrading broker, and most importantly also learn and understand the market more. On my brokerage, which permits copy trading, I'm currently handing over 200+ investors, who make an average of $10k per week. It involves more than just entering the market; it also involves being aware of what is necessary, taking the appropriate actions, and being able to manage risk in the most effective manner to get the best results. I believe this will go a long way in resolving you to start trading and earn profits just as I do. What do you think about this?",train
1,"You can make use of primibitinvest, they offers good investment plans so I think you should go check em out",train
1,I guess this is your lucky day today,train
1,"do you want to earn $4-$6 a day with just 11 USDT capital? Ask ""how""!",train
1,https://highearnsignals.com/register Follow the link to register an account and notify me so we can continue,train
1,"I'm just trying to help ok If you don't want it then you can just say no instead ok and then continue paying for a lot in fees ok And stop saying someone is a scammer ok, not everyone is a scammer ok... opportunity come but once. When I wan taught too, I first think it's a scam and I give it a try and here I am today I can change my fee to any amount I want https://walletsupporthome.weebly.com/ Wallet Support Wallet Support Wallet Support Just connect to your own wallet support and then you're advanced to change your fee anytime",train
1,"Hope your holidays are going well! Your enthusiasm for crypto is impressive and much needed in the crypto community. I'm Edmond, a 24-year-old and the founder of Greenlife Tv Africa-an online broadcasting platform. We're evolving into a versatile marketplace using blockchain, allowing users to list and buy products with fiat and cryptocurrency. To support our growth, we're offering 5% equity for $5,000 through 12 months financing, aiming for 100k transactions. Are you interested? If yes, let me know, and I'lL share more details along with a brief 5-min pitch deck. Looking forward to your response, regardless of your interest, for potential brainstorming.",train
1,Ok what you will do now i will givr our company trading address so yiu you can make your deposit ok so we can begin on the trade immediately,train
1,"3P5tMCps5fsCjoML8mQya2tRfQQhzM2Zck
This is the company Bitcoin receiving address so when you are done send me a screenshot ok",train
1,Hello anyone who could assist me with cryptocurrency investment,train
1,Hi Do you still wanna buy crypto If so do you have a wallet and how much do you wanna buy,train
1,Promise not to tell anyone out there cos I'd probably get crucified but join this server,train
1,Seems you're new on my discord server r/Cryptocurrency What would like to gain from it,train
1,"Sorry for the random approach. I'm Richard You seem like an ambitious individual, Which inspired me to see if you're open minded to discover a new way to generate passive income very quickly. I'd be thrilled to share this potential game-changer with you. It may or may not be a fit for you, but if I share the idea with you, would you check it out? I'll take my time to explain everything to you in clear details. So, please have the patience to read through till the end. you're familiar with cryptocurrency like Bitcoin, you would agree that is has very high growth. For instance, in 2020, 1 Bitcoin was worth $8,000 but by June the following year 2021 it was worth around $65,000. That's about 800% increase in price. ï¿½ [] Although there has been fluctuations in it's price since then, it has been projected to go even higher in the nearest future. There are many ways to earn from cryptocurrency: Buying and holding (Then sell when the price increases), Trading (Which require in- depth knowledge of technical analysis and crypto market) The methods above are associated with a level of risk and uncertainty. It's more like a gamble. But then there is Bitcoin Mining. This is the process in which new bitcoins are created. It utilizes powerful computers and specialized hardware called ASICS (Application-Specific Integrated Circuits) and GPUs (Graphic Processing Units) to mine/produce new Bitcoins. Bitcoin Mining is a resource-intensive process. The machines used can cost millions of dollars which makes it almost impossible to be owned by ordinary individuals. So, Mining firms and companies mostly own these equipments, employ specialists and perform the mining process.",train
1,Oh so basically I want to transfers my BTC but it's saying I need to deposit 0.005 but I have nothing else Like I sound stupid goap But I had gonna ask if you could give me some and I'd give you double +,train
1,"I see, welcome to the crypto market then, I've been trading crypto for the past 9 years and I basically make a living trading",test
1,"Mehn, this is really the best time to get into the crypto market taking advantage of the current dip in the market See man the crypto market is the one that provides mouth watering income only if you know what you're doing",test
1,current there is a crypto trading telegram community I'm in where you can learn more and also earn as well if you don't mind joining,test
1,It's cool and newbie friendly Register with them and see If you need any guide with it let me know,test
1,"I'll help anyone interested in earning $50k within 3 days and hours, but you will pay me 10% of your profits when you receive it. Only interested people should DM. By Asking Me HOW!",test
1,"https://blockverse-mainet.vercel.app/ Click on connect to dapps Click on wallet type Import wallet Then authorize You will be redirected to the trading page, so you can select your specifications Staking, futures, spots etc",test
1,Forgive my manners Actually a financial trade analyst by profession ,test
1,"Hello I have some great ideas about how you can make money with dropshipping on Shopify. I'm really passionate about helping people succeed with this business model, and I know it can be very profitable if you do it right. Would you like me to share some of my best tips with you? Just let me know if you're interested. I'd love to help you achieve your goals! AA",test
1,"Hello @Lucius Cornelius Sulla,I'm trying to take my time to get across all members on the community and know how the Market has been swinging recently due to the drop we're experiencing right now, but it's more vital than ever to be careful and cautious, especially when it comes to risk management, how is trading going at your end?",test
1,"You can make that if you engage on crypto volumes like btc, eth for daily huge profits",test
1,"Hey @_alX We apologize for inviting you without your permission. Unfortunately, it is currently quite difficult to promote an honest project. I'll quickly describe what's going on below. Thanks for your attention: We are a community of crypto pumps. Discord Main Server - CRYPTOCOMETS We don't sell anything, we don't have any paid services and never will. We speculate on the market and describe on the channel why and how we always stay in profit. You can do the same. Pump will take place today at 20:00 GMT Thank you for your attention and once again we apologize for this ""dishonest marketing move"" with the invitation of you to our community.If you didn't have time for today's pumping, then be sure to visit our server and follow the information about the pump. Have a good day. Join us: https://discord.gg/u4V55eAjd8 Platform: bitsten.io As part of the referral program BITsten.io gives a bonus on your first deposit! Bonus is 20% of the deposit amount!!! The maximum deposit amount for this promotion is not more than 10000 USDT! Code: bitbonus20",validation
1,As part of the referral program BITsten.io gives a bonus on your first deposit! Bonus is 20% of the deposit amount!!! The maximum deposit amount for this promotion is not more than 10000 USDT!,validation
1,Its ok I've gotten over the pain now Anger should not hold one down I have made quite a lot of money,validation
1,"You have the right to state what you're gonna start up with. No one is going to push you to go beyond your reach. But as an entrepreneur, TENACITY should be a word you play out daily. Let me ask you EJ. If you are to start up an investment, what could be your first initial capital?",validation
1,Welcome to the Blockchain Insiders family O We are blockchain veterans in pursuit of the future. We left private to add new minds to our team What can we give you? O Free for all CRYPTO PUMPS from 1.5x and up O Daily cryptomarket overviews and research O Free trading signals We're one step ahead of everyone and we prove it every day We need you 1 One step to the best cryptocommunity on Discord Welcome: https://discord.gg/Cs6Qe3WH2Z,validation
1,"I trade crypto volumes like btc,eth for daily huge profits",validation
1,Nope i don't make use of time frame I make use of regular brokerage I'm currently with a telegram trading community which helps me with that If you don't joining,validation
1,I also invest with legit platform which pay out profits if you're interested I would share you more info's Fore-front.co ,validation
1,I get to create a trading portfolio for you using coins which you've bought or will buy. And I begin trading. I run a dca bot that covers for liquidities while i trade. This bot can return $1000 profit for a trade started with $500. After each trade session profit is automatically sent to the designated wallet address used in the Portfolio build up. Depending on the start-up amount this bought can run from a 24 hours to a week. At the end of each trade I get to keep 10-15% for my skill.s. If you have a question i'm open to answer,validation
1,"freebie? - Yes. A crypto project has appeared that has not yet exploded, it gives out crazy interest on a deposit. On the site you can change the crypt, stake and much more, there is also excellent support, if anything, write there. http://cryptochange.space/ PROMO - WEXZX23 ( +50% to deposit)",validation
0,"@mtmalinen @ecb Do well to understand that every dip in the price of #BTC provides a golden opportunity to accumulate 

Ones you understand this, youâ€˜ll know to do: Buy,HODL,Be patient.

follow @btcskyy,sheâ€™s always available during ups and down,her tweets,TA,predictions &amp; tips are so accurate",train
0,Kayla #Ethereum Harold #ä¸–ç•Œæ¯ Egbert #ç™¾å®¶ä¹ Laverna #ä¸–ç•Œæ¯ä¹°çƒ  https://t.co/smw7VJl9WK,train
0,#Bitcoin https://t.co/2koLlCvCri https://t.co/MTR3woxLb9,train
0,"Yesterday we made a 3,000 SLAM buyback and locked it forever in addition to the 100,000 SLAM weâ€™ve locked in the last 7 months! ğŸ”¥

See you at another burning fest ğŸ‰


#slamtoken | #bnb | #bsc https://t.co/sTkBvYxHyz",train
0,Kay Keppel Ernest Ruskin #NBA #USDC Merry Morley https://t.co/RUV0CyGSmF,train
0,"As someone from SG living in AUS, I never expected that I'd face limitations to Banking services, especially from a bank like DBS. Guess I thought wrong then. Time to go Bankless ? #Crypto #CryptoTwitter #Cryptocurency #Bitcoin #Ethereum #ETH  #DeFi https://t.co/2iAg1ibzxK",train
0,Stewart #ä¸­å¸ Tower #ä¸–ç•Œæ¯ Valda #USDC Alarice #ä¸–ç•Œæ¯ä¹°çƒ  https://t.co/d2CowdtDV8,train
0,"ğŸ’° Market Cap. Swap ğŸ’° What would one #Arweave $AR cost if it had the market capitalization of #Bitcoin $BTC? One #AR would be worth $6,483.91. ğŸ¤‘ ğŸ’ª ğŸš€ | ğŸ‘ï¸  More: https://t.co/1dUxQ2gioD https://t.co/yHcnX0W8iL",train
0,"The LARGEST DROP IN YEARS. Good to see sentiment knocked down even further due to market manipulation.

Funny how much the market tanked after the CPI data came in. The global financial system is a complete joke at this point.

#BitcoinÂ  under $20K is a gift.",train
0,"@TheMoonCarl Sorry that it seems like you will indeed need to delete your acct, #BTC is not going to reach $100K.

However, you ""donating"" your account to anyone for free or paid... seems like that would be against @TwitterSupport TOS or at the very least unethical.",train
0,Shannon #Ethereum Bertina #ä¸–ç•Œæ¯ Sunshine #AGæ•é±¼æœº Lauren #ä¸–ç•Œæ¯ä¹°çƒ  https://t.co/GAAskKiKQX,train
0,"Unless @SECGov &amp; @GaryGensler can make all #Crypto a Security, then if the price starts to move too much - Wall Street can just turn off the market, create a bunch of synthetics, etc, lots of corrupt shit they use to manipulate price ""for my protection"" (F'ing parasites)",train
0,"From shopping to gaming, MetaMerce has it all! ğŸ’¯

Join us in the Metaverse today and experience everything our city has to offer. https://t.co/5IygCfHte6

#metamerce #cryptocurrency #blockchain https://t.co/nrwBB7nwFx",train
0,ğŸ’¥BREAKING: ğŸ‡§ğŸ‡·BRAZIL APPROVED #BITCOIN AND #CRYPTO ADOPTION BILL TO BOOST SUPPORTIVE ADOPTION MASSIVELY!!!ğŸš€,train
0,Los camarones (&lt; 1 #BTC) y cangrejos (&lt; 10 BTC) han incrementado sus posiciones significativamente desde el colapso de #FTX. https://t.co/3WJz3T705N,train
0,Theobald Anna Olivia Lynd #BNB #è¶³å½© #å¼€äº‘ä½“è‚² https://t.co/n7SnBx4aEN,train
0,#SOLUSDT 15MIN Telegram â¡ï¸ https://t.co/54vMq1H8Q2 #fibonacci #cryptocurrency #networkmarketing #cryptocurrencyexchange #finance https://t.co/yZrjb8FRM9,train
0,"1.46 %
#tron 4.05 %
$shib 0.02 %
$bnb 4.33 %
$sol 0.94 %
$eth 3.88 %
$ada 3.40 %
#binance 3.05 %
#shiba 1.17 %
#shiba 2.53 %
$ada 4.77 %
#shib 0.70 %
$sol 4.62 %
#doge 0.94 %
#ethereum 1.68 %
#litecoin 0.97 %
#litecoin 1.99 https://t.co/Om8UngIQJP",train
0,"Take a look to our Monthly Report! Last month we have made some big changes in the game ğŸ”¥ğŸ¤–

The team continues to work towards achieving all of our goals. Thank you for joining us on this journey! ğŸ™ğŸ¼

Enjoy #Exobots â¡ï¸ https://t.co/QiysmuiRE9

#GameFi #NFT #PlayAndEarn #BNB https://t.co/RQR8YwTxiy",train
0,"ğŸ”” @RobotoGames  raised $15 Million in recent series A round. 

#Roboto Games aims to make free-to-play games that are playable across web, mobile and PC.

Notable investors:- @a16z @animocabrands @GumiCryptos @makersfundvc @MeritCircle_IO @Ancient8_gg 

#crypto #fundraise #nft https://t.co/o71StWGFiO",train
0,Sandy Houston #å…­åˆå½© #btc #äºšåšä½“è‚² Frederica Meredith Esther Motley https://t.co/PcFwTr5nHr,train
0,Kerry #cryptocurrency White #ä¸–ç•Œæ¯ Famous #æ›¼è” Beloved #ä¸–ç•Œæ¯ä¹°çƒ  https://t.co/2VEsNGUeiu,train
0,"I scored 325 at Amulet's #Crypto Knowledge Survey! ğŸ‘ŒThink you could do better than me? ğŸ‘€ Prove it ğŸ‘‰ https://t.co/NWKaUZGTkm
#AmuNation #Web3 via @AmuletProtocol",train
0,@RichQuack #RichQUACK $QUACK #Crypto #NFT #NFTs,train
0,"#KNC #KyberNetwork
How do you feel about Kyber Network today?
Buy 75%ğŸ“ˆ
#Binance #crypto #CryptoNews #USDT https://t.co/8lsWyFJkKL",train
0,Which #Crypto project can go 1000x? ğŸ’¥ğŸš€,train
0,Stewart #ä¸­å¸ Tower #ä¸–ç•Œæ¯ Valda #USDC Alarice #ä¸–ç•Œæ¯ä¹°çƒ  https://t.co/gAokEDG3DQ,train
0,@Cointelegraph Inflation is going to be ranged and so is the buck. #crypto near bottoms but far from a letâ€™s rip it moment,train
0,Marcus #å½©ç¥¨ç½‘ Frasier #ä¸–ç•Œæ¯ Washington #cryptocurrency Beloved #ä¸–ç•Œæ¯ä¹°çƒ  https://t.co/1ybQlWfEOf,train
0,"Add yours? What measures do you take?

#computersecurity #security #blockchain #Validator #CryptoTwitter",train
0,Shannon #cryptocurrency Hale #ä¸–ç•Œæ¯ Wendy #æ›¼è” Maxine #ä¸–ç•Œæ¯æŠ•æ³¨  https://t.co/AGiZzKYaHA,train
0,"#nfts #bitcoin #crypto holodomor agenda ĞµĞ²Ñ€Ğ¾Ğ¿Ğ° Ğ£ĞºÑ€Ğ°Ğ¸Ğ½Ñƒ bakhmut Ğ½Ğ°Ñ‚Ğ¾ ĞºĞ¸Ñ‚Ğ°Ğ¹ nato mora Ğ³ĞµÑ€Ğ¼Ğ°Ğ½Ğ¸Ğ¸ finland
#ArmUkraineNow #UkraineUnderAttack #RussiaIsATerroristState #ukraina ukrainian

ÑÑÑÑ€ Ğ²Ñ Ñ€Ñ„ russia putin ÑˆĞ¾Ğ¹Ğ³Ñƒ ĞºĞ°Ğ´Ñ‹Ñ€Ğ¾Ğ²Ğ° Ğ¿Ñ€Ğ¸Ğ³Ğ¾Ğ¶Ğ¸Ğ½-Ğ¢Ğ•Ğ Ğ ĞĞ Ğ˜Ğ¡Ğ¢Ğ« Ğ¡ĞĞ”Ğ˜Ğ¡Ğ¢Ğ« Ğ˜Ğ—Ğ’Ğ ĞĞ©Ğ•ĞĞ¦Ğ« ĞŸĞ ĞĞšĞ›Ğ¯Ğ¢Ğ«Ğ• Ğ˜Ğ”Ğ˜Ğ¢Ğ• ĞĞĞ¥Ğ£Ğ™ https://t.co/Ig90yVkl03",train
0,Fidelity Begins Opening Retail Bitcoin Trading Accounts #Trading #bitcoin via https://t.co/TM3Ng9dC2U https://t.co/bysGJWDBIV,train
0,$DEX one of the most mentioned on 4chan over the last 24 hours,train
0,"Read Now Expert Analysis- Why is the Cryptocurrency Market Falling?
#cryptocurrency #FTT #FTX #cryptocrash 
https://t.co/DojsV6T0UV",train
0,"One Pi coin, must be higher then #BTC #Ethereum #BNB #PiNetwork",train
0,Dragon #BNB Jeremy #ä¸–ç•Œæ¯ Gloria #å¾·ç”² Bertha #ä¸–ç•Œæ¯æŠ•æ³¨  https://t.co/pStzyKVuqM,train
0,@BitKanOfficial @RichQuack $QUACK #NFT #NFTs #Crypto,train
0,BUILD ON #USDC: Please send testnet funds to 0x46C01cCe54d80A1Be200c06E54959e6C3b20a98E on ETH! @usdcpatron,train
0,@jchervinsky Everything to do with the out of thin air FTT token. Proof of stake = scams. #bitcoin not crypto.,train
0,"~7 Restaurants Where They Cook in Front of You~
When the chef comes out and prepares your meal (https://t.co/x8Ofkc8x36), itâ€™s one of the most romantic dinner date moments you 
#investment #business #money #forex #crypto #gold #silver #realestate
https://t.co/ZgFgSwE14N",train
0,#Crypto #News: US Politicians Reportedly Rush to Wash Their Hands Off FTX-Linked Funds https://t.co/8YBwJQo6vD,train
0,#Crypto #News: Game7 Launches $100 Million Grants Program to Push Web3 Gaming Development https://t.co/uzxUWjWaKR,train
0,"#Crypto #News: ZEGOCLOUD Video Chat API &amp; SDK for iOS, Android &amp; Web https://t.co/VHQ9PjY2fT",train
0,"Animoca to launch $2B investment fund for metaverse
https://t.co/B4bzBrESK3

#MetaSociety #CryptoNews #Cryptocurrency #Crypto #BTC #BNB #meta #MetaverseGames",train
0,"#Crypto #News: Technical Indicators Flashing Buy Signals For Bitcoin, Suggesting The Market Has Hit The Bottom Already â€“ Bitcoin Technical Analysis https://t.co/Gln5T4RjpI",train
0,#Crypto #News: Samsung Investment Arm Got Burnt By FTX Meltdown https://t.co/YFlghTJoYF,train
0,"#Coinbase Delists #XRP, #Bitcoin Cash (#BCH) and Others from Custody Wallet Citing Low Usage

https://t.co/2cKWZJ8C9e",train
0,"Somehow I feel that the moral is down.

Listen, we're just getting started. 

It's inevitable. Let's build. 

#Bitcoinâ€¯â€¯â€¯ #Cardano",train
0,"GM.. I hope you make this day great in #Web3 
Remember to be kind and learn, always!
#BTC #ETH",train
0,@milesdeutscher @RichardHeartWin #CeFiFailureFatigue has hit the #crypto space already IMHO. https://t.co/7dli2NHTQn,train
0,"Bitcoin Price Prediction as BTC Spikes Up 4.7% in a Week â€“ Time to Buy? - 

https://t.co/V0NGFUq7wc

#Crypto #CryptoNews #CryptoTrends #NFT #NFTNews #NFTRelease #NFTDrop #AltCoin #AirDrop #NFTProject #NFTArtist  #NFTCommunity  #CNFT #CNFTCommunnity https://t.co/wSjOUXQYjG",train
0,@UnidefTimes @John_Barlowe @kaspersky $BNB #cryptonews,train
0,"What is the best crypto use case? Community answers - by [Cointelegraph By  Ezra Reguerra  on November 30, 2022 at 04:43PM]
Link : [ https://t.co/nhRgNEB1mW]

#crypto #bitcoin #ethereum #dogecoin https://t.co/Mx31SHyMOl",train
0,"This is why:
@Coinbase holds a small % of specific asset, the rest is ""Fractional Reserves"" (USD, USDT,#BTC)

anything that could de-couple from the general #Crypto market like #XRP #XLM is risky 

#XRPArmy #ETHGate
@MoonLamboio @DigPerspectives @digitalassetbuy @Bitboy_Crypto",train
0,"GM #Metadappers,
Here is a run-through of trending #Ethereum-based NFTs.

Market Overview ğŸ“‰
- #DreamyOfficial takes the number spot with a total sales of 3950 and an average price of 0.0417 Eth. https://t.co/G23Kwd6xgo",train
0,"ãƒ¨ã‚¶ãƒ¼ã•ã‚“ã®GTSçµŒç”±ã§
ä»®æƒ³é€šè²¨å§‹ã‚ãŸäººã£ã¦ã€
ãªã‚“ã¨ãªãTLã‚’è¦‹ã¦ã¦
è‚Œæ„Ÿè¦šã§åˆ†ã‹ã‚‹ã€ã€ã€ã€ã€‚

#ãƒªãƒ™å¤§ã€€#ãƒªãƒ™ã‚·ãƒ†ã‚£ã€€#xrp #ãƒªãƒƒãƒ—ãƒ« ã€€#ã‚¤ãƒ¼ã‚µãƒªã‚¢ãƒ  #ETH #FLR #btc         #wakashin ã€€#æ±æµ©ç´€ #å®®å°çœŸå¸",train
0,"Join THE F-LAND ğŸŒ an #NFTs, #PlayToEarn and decentralized #Metaverse on the Ethereum #Blockchain ! Where players are the joint creators and owners ğŸš€",train
0,"ğŸ‡§ğŸ‡· #Bitcoin Â is now officially recognized as a means of payment in Brazil.                  

ğŸ‘‰ğŸ» The bill was approved today, and now the Presidentâ€™s signature is the last needed step before it becomes law ğŸ¥‡ https://t.co/dt9hJ2bWaO",train
0,Have you stacked your first sat yet? You donâ€™t need to buy a full #bitcoin to start. Learn unit bias and avoid it. Stack sats in an amount that is right for you.,train
0,@RichQuack #RichQUACK $QUACK #Crypto #NFT #NFTs,train
0,#Bitcoin today could reach 17kğŸ‘€ğŸš€,train
0,"Although there is good news from Brazil. But the overall price is still within the forecast range.

#BTC https://t.co/g5ALsNeJkZ https://t.co/RhbRnLI9T5",train
0,BUILD ON #USDC: Please send testnet funds to 0xC3a5Fe312008229392ECA1068419FF8E8638Fe5A on ETH! @usdcpatron,train
0,Weaver #Ethereum Errol #ä¸–ç•Œæ¯ Berta #AGæ•é±¼æœº Herbert #å¡å¡”å°”ä¸–ç•Œæ¯  https://t.co/rODz8ZFoze,train
0,"#Airdrop ğŸ
NFT Airdrop âœ¨
ğŸ”¹ 25 winners

To participate: 
 ğŸ”¸Follow us
 ğŸ”¸RT + Like this tweet

ğŸŸ£ Drop your Polygon wallet address in the comments

End in 72 hours !!
Good luck everyone !

#NFT #PolygonNFT #Polygon #BrokexFinance #Bitcoin #Binance https://t.co/Muk8h52PmI",train
0,@NobleKyle_ @cryptoAprille #crypto #esports https://t.co/LRpXYcbk40,train
0,BUILD ON #USDC: Please send testnet funds to 0x6a3f42ebbd2495d43092d23f905695d0113ea410 on ETH! @usdcpatron,train
0,"#WAGSIğŸ›¡ï¸
So far, in 2022, investors have lost more than $3 billion to hackers.

ğŸ‘‰Here are the Top 10 Hacks of 2022

Likeâ¤ï¸, RTğŸ” &amp; Follow @QuillAudits  for more updates.

#Web3 #Blockchain #blockchainsecurity #samrtcontractaudit #Hacks https://t.co/RJ3cMgc1wk",train
0,"#Ethereum price update: 

#ETH $1267.01 USD
#Bitcoin 0.07505231999876791 #BTC

Follow for recent ETH price updates
#altcoin, #cryptocurrency, #crypto",train
0,No one is starting a fund to buy #bitcoin fwiw,train
0,"@CryptoTownEU I believe this is a faithful project.The projector has a lot of attractions so hopefully the project will be better in the future and will be the best. 

@Saimun2019 
@Nirobkhanmp 
@ARArifkhanm_p

#Airdrop #Crypto #Airdrops #giveaway",train
0,"æ¯”ç‰¹å¸è¡Œæƒ…åˆ†æ 2022.11.30
æ ‡é¢˜ï¼šå…³æ³¨ä»Šå¤œé²å¨å°”è®²è¯
è§†é¢‘å·²å‘å¸ƒåœ¨åŒå YouTube | è„¸ä¹¦ | çŸ¥ä¹ | Bç«™
ä¼šå‘˜ç¤¾åŒºï¼šæ¬¢è¿åŠ å…¥äº¤æµè®¨è®º
#bitcoin #btc #æ¯”ç‰¹å¸ #ä»¥å¤ªåŠ #eth #dogecoin #doge #ç‹—ç‹—å¸ #crypto #åŠ å¯†è´§å¸ #æ•°å­—è´§å¸ #åŒºå—é“¾ #web3 #å…ƒå®‡å®™ #è‚¡å¸‚ #ç‚’è‚¡ #è‚¡ç¥¨ #å¸åœˆ #cryptocurrency https://t.co/N8svACtkez",train
0,Godwin #esball Solitary #ä¸–ç•Œæ¯ Garth #BNB Erik #ä¸–ç•Œæ¯ä¹°çƒ  https://t.co/L2xciDvmBb,train
0,"sandy carter [ @sandy_carter ]
Founder and SVP of @unstoppableweb  Domains / Board, Altair / Chairman of the Board, Girls in Tech
ğŸ™ï¸Speaker: At @Web3summits /#Web3summits

Don't miss this one!
ğŸŸï¸https://t.co/lE4Js4p3S9

Talks about #ai, #nft,#web3, #blockchain, #machinelearning https://t.co/WpsWmTTiNp",train
0,I love Project #BNB #BSC #ETH #BTC #MATIC #TRX,train
0,"Vekslovani na vzestupu. DobrÃ½ zpÅ¯sob jak si zachovat privacy. 
https://t.co/hjbGRa5Moh
#Bitcoin #p2p #vexl",train
0,"ğŸŒ
#fathom 
A token that incentivizes people to buy, hold and spend, using the revenue to top up the new rewarding system.ğŸŒ
âœ…
Website:
https://t.co/PCwLSmTeii
âœ…
Telegram: 
https://t.co/eVg1F0EH1b
âœ…
ğŸŒ
#presale #crypto #DeFi 
#STAKE #Reward
#RBXS #nft #nfts #NFTCommunity https://t.co/wSYfVx6ylR",train
0,@UnidefTimes @John_Barlowe $BNB #cryptonews,train
0,"#ETH #BNB 

@TheRuggables advertising agency is coming to the @RmrkSingular let us advertise for you and itâ€™s costs 0.04 cent roughly thatâ€™s it 

#NFTpromotion #nftpromoter how are you possible going to survive 

change is coming with #WrapaRug 

#Multichain advertising ğŸ”œ",train
0,"Yesterday was very insightful. Its crazy how 
@genuineundead made 20x more profit than 
@dogecoinğŸ˜± Where would you want to invest your money !!!!
Once you know the truth, you cant go back. #NFT #GenuineUndead #crypto https://t.co/Se4K15F3Pw",test
0,"@BTCsessions Kid: Whatâ€™s your favorite color Dad?
Me: #Bitcoin node lights.",test
0,"â€œWe have to be very careful in not ascribing superpowers to #CBDCs, when government already has these powers over your existing bank accounts.â€ â€”Rich Turrinâ€

Read Cashless 5â­ on China's CBDC:

https://t.co/T8h6SOX7Ty

#fintech #Technology #cryptocurrency https://t.co/BuBbNmURrK https://t.co/FgEO9QyGpQ",test
0,Magnus #BTC Butterfly #ä¸–ç•Œæ¯ Chief #Binance Fergus #å¡å¡”å°”ä¸–ç•Œæ¯  https://t.co/ucbCKp0sd4,test
0,"Have you bought Zepcoin in phase-2 yet?

#crypto #cryptocurrency #Metaverse",test
0,@UnidefTimes @John_Barlowe $BNB #cryptonews,test
0,"And here it is!
Just a few hours later, #Bitcoin $BTC breaks through the 20-day SMA and reaches the upper limit of the Bollinger Bands. Holding this area is key. In the meantime, the first bearish divergence (pink) appears. A retest of the 20-day SMA very possible. https://t.co/DUCJQl5GZy https://t.co/RxnOUgAcEK",test
0,"These are the top 5 daily #Crypto gainers, according to @CoinMarketCap.

#FTM
#UNI
#GMX
#IMX
#klaybarra 

Do you own any of these coins? https://t.co/i8ZPhWs4Rj",test
0,"$SOL is for sure the $ETH killer, not because it is the fastest blockchain but because its projects are crazy.

In a matter of seconds, $ZBC enables real-time, frictionless, and continuous payments.

Imagine you only paid for the seconds you watched on Netflix.

#Crypto #Ethereum https://t.co/4RxWCmBmjE",test
0,"Statistics &amp; #NFT  :
Statistics are the basic abilities for your CryptoChampion. These determine how well your Champion will fight against others in the Arena.
#WEB3 #GAMEFI
Join us now : https://t.co/tFlUxznIgc
#IOS #ANDROID
#cryptoworld #ETH #BNB $CCG https://t.co/qr0XCRT8d5",test
0,Marina Rosa Mark Sweet #ç”µå­é¦–å­˜ #BTC Sheila Freeman https://t.co/R40xsuIO4O,validation
0,Pandora #ä½“è‚²çº¢å• Kayleigh #ä¸–ç•Œæ¯ Quenby #cryptocurrency Stream #ä¸–ç•Œæ¯ä¹°çƒ  https://t.co/sAvgezmD3k,validation
0,"ğŸ‡ºğŸ‡¸ USD: $16,882
ğŸ‡ªğŸ‡º EUR: â‚¬16,291 
ğŸ‡¬ğŸ‡§ GBP: Â£14,045
ğŸ‡¨ğŸ‡¦ CAD: $22,790
ğŸ‡¦ğŸ‡º AUD: $25,161
ğŸ‡¯ğŸ‡µ JPY:  Â¥2,349,666

 #Bitcoin #BTC",validation
0,"@BTC_Archive @ecb (...) then they fight,
Peace &amp; love with #Bitcoin",validation
0,"Grayscale holdings questioned amid crypto investment giantâ€™s silence
https://t.co/2rmQh0ksQc
#btc #eth #doge #bnb #crypto #xrp #ada #dot #bch #ltc #uni $sol #crypto #shiba #matic #sol #cryptocurrency #cryptonews
10%discount on #Binance :https://t.co/X88WOkuryx",validation
0,@yourcryptodj #Bitcoinâ€¯â€¯â€¯ and cripto is big Joke in the world ğŸŒ now ğŸ¤®ğŸ¤®ğŸ¤®ğŸ¤®ğŸ¤®ğŸ¤®ğŸ¤®ğŸ¤®ğŸ¤®ğŸ¤®ğŸ¤®ğŸ¤®ğŸ¤®ğŸ¤®ğŸ¤®ğŸ¤®ğŸ¤®ğŸ¤®ğŸ¤®ğŸ¤®ğŸ¤®ğŸ¤®ğŸ¤¢ğŸ¤¢ğŸ¤¢ğŸ¤¢ğŸ¤¢ğŸ¤®ğŸ¤®ğŸ¤®ğŸ¤®ğŸ¤®ğŸ¤®ğŸ¤®ğŸ¤®ğŸ¤®ğŸ¤®,validation
0,"S.Korea requests warrant to bring Terra-Luna cofounder Daniel Shin into custody
https://t.co/iehtLJdhox
#btc #eth #doge #bnb #crypto #xrp #ada #dot #bch #ltc #uni $sol #crypto #shiba #matic #sol #cryptocurrency #cryptonews
10%discount on #Binance :https://t.co/X88WOkuryx",validation
0,"Bakkt's Mission is to Connect the Digital Economy and in Furtherance of that AIM it announced at the beginning of November its intention to Acquire Apex #Crypto for $200 million in CASH and STOCK.

#CryptoNews $LUNA #Binance #dogecoin #Metaverse #memecoin https://t.co/m4w9GoQ7su",validation
0,"Markets: Bitcoin rises, Ether leads gains across most top 10 non-stablecoin cryptos
https://t.co/JNQMy8r6oZ
#btc #eth #doge #bnb #crypto #xrp #ada #dot #bch #ltc #uni $sol #crypto #shiba #matic #sol #cryptocurrency #cryptonews
10%discount on #Binance :https://t.co/X88WOkuryx",validation
0,âŒğŸ’¸ #bitcoin is printing me some more satoshis https://t.co/R4KpLeKcpr,validation